0.00	X
0.04	B
0.40	C
0.61	G
0.75	F
0.89	B
0.96	A
1.06	D
1.10	F
1.28	B
1.56	C
1.70	B
2.32	F
2.53	B
3.16	C
3.44	B
3.58	E
3.65	A
3.74	B
4.34	X
4.49	B
4.64	C
4.78	B
4.85	F
5.11	E
5.16	C
5.34	B
5.41	D
5.51	C
5.55	A
5.72	B
5.80	F
6.08	B
6.22	A
6.30	C
6.42	B
6.77	C
7.33	B
7.40	X
7.54	B
7.58	E
7.62	F
7.69	B
7.83	F
8.04	C
8.18	B
8.39	G
8.46	C
8.53	B
8.67	E
8.81	F
8.88	B
8.95	E
9.09	C
9.16	B
9.23	C
9.30	B
9.79	X
9.96	B
10.17	C
10.38	B
10.87	C
11.14	B
11.49	A
11.68	B
12.13	C
12.20	B
12.27	G
12.41	C
12.48	B
12.62	A
12.72	B
13.33	E
13.35	A
13.42	F
13.72	B
14.00	X
14.23	B
14.28	F
14.54	B
14.96	G
15.03	B
15.10	X
15.35	B
15.47	F
15.61	B
15.68	C
15.75	F
15.96	A
16.04	F
16.19	A
16.31	G
16.37	E
16.42	D
16.56	B
16.63	X
16.82	B
16.86	C
16.90	B
17.39	E
17.46	F
17.53	A
17.61	E
17.66	C
17.91	G
18.26	X
18.58	B
18.63	C
18.82	H
18.89	B
19.24	C
19.59	B
19.80	A
20.16	B
20.28	F
20.73	E
20.81	C
21.33	X
21.47	B
21.53	G
21.65	B
21.72	A
21.80	C
21.98	A
22.06	B
22.38	E
22.45	B
22.59	G
22.66	C
22.80	A
22.88	B
23.03	A
23.11	B
23.45	G
23.59	B
23.66	A
23.74	C
23.99	B
24.20	A
24.43	B
24.66	C
24.80	B
25.08	X
25.37	B
25.42	C
25.47	B
25.68	C
25.82	B
26.45	G
26.59	F
26.66	C
26.80	A
27.12	B
27.30	F
27.65	A
27.74	C
27.80	B
27.99	A
28.07	E
28.23	G
28.37	A
28.45	B
28.50	E
28.68	B
28.82	X
29.05	B
29.40	C
29.47	F
29.61	A
29.70	E
29.79	F
29.86	B
30.07	X
30.24	B
30.44	C
30.65	B
30.72	C
30.79	A
30.90	D
30.94	C
30.98	B
31.05	C
31.12	H
31.33	C
31.40	G
31.68	X
31.99	B
32.06	G
32.19	B
32.33	H
32.40	C
32.54	B
32.68	H
32.75	C
32.82	A
32.90	B
32.97	C
33.17	A
33.25	C
33.59	G
33.66	E
33.73	C
33.80	B
34.01	F
34.22	B
34.71	X
34.90	B
34.96	C
35.16	G
35.30	D
35.37	B
35.86	G
35.93	B
36.22	A
36.28	B
36.36	X
36.63	B
36.69	C
36.89	G
37.03	F
37.10	A
37.23	C
37.31	A
37.42	G
37.47	B
37.58	C
37.72	B
38.14	X
38.36	B
38.44	A
38.52	C
38.59	B
38.65	C
38.79	A
38.87	B
38.98	X
39.23	B
39.45	F
39.66	B
39.94	F
40.08	B
40.15	E
40.29	D
40.43	C
40.50	A
40.58	B
41.48	X
41.74	B
41.91	C
41.98	B
42.26	C
42.33	A
42.41	B
42.52	C
42.59	B
42.87	A
42.96	C
43.01	B
43.20	C
43.34	B
43.48	G
43.62	F
43.69	C
43.76	B
43.97	A
44.08	G
44.15	C
44.28	B
44.42	G
44.56	F
44.63	D
44.84	B
44.91	X
45.17	B
45.27	E
45.34	F
45.48	B
45.69	F
45.81	A
45.89	B
46.44	A
46.58	B
47.06	F
47.27	A
47.35	B
47.61	C
47.96	B
48.54	F
48.69	B
48.83	A
48.91	B
49.07	C
49.14	E
49.21	D
49.40	C
49.45	B
50.05	X
50.31	B
50.35	C
50.74	B
50.81	A
50.89	C
51.07	B
51.21	C
51.42	B
52.12	F
52.40	B
52.47	C
52.68	B
52.75	X
52.97	B
53.19	A
53.55	B
53.68	E
54.03	A
54.13	C
54.18	B
54.43	G
54.57	B
54.64	G
54.71	B
54.85	A
54.94	B
55.17	A
55.25	F
55.46	E
55.67	B
55.81	D
55.88	A
55.96	B
56.03	C
56.10	B
56.31	A
56.43	B
56.85	C
56.93	A
57.01	C
57.14	B
57.42	F
57.70	B
57.91	X
58.07	B
58.21	F
58.35	A
58.43	B
58.76	A
58.88	C
58.97	B
59.18	E
59.25	B
59.53	X
59.78	B
59.93	G
60.00	B
60.42	C
60.68	E
60.73	F
60.89	E
60.94	C
61.12	F
61.26	A
61.34	C
61.59	G
61.80	C
61.87	A
62.03	B
62.08	C
62.12	E
62.19	F
62.33	B
62.61	X
62.87	B
62.93	C
63.19	B
63.54	C
64.03	A
64.11	C
64.29	B
64.43	A
64.55	E
64.61	B
64.95	F
65.02	D
65.09	B
65.23	C
65.51	B
65.58	C
65.65	B
65.86	X
66.03	B
66.22	C
66.36	A
66.47	B
66.61	G
66.75	B
67.21	A
67.36	B
67.53	F
67.67	B
68.02	A
68.10	C
68.27	B
68.62	X
68.87	B
69.02	C
69.16	B
69.30	A
69.47	B
69.94	F
70.22	A
70.30	D
70.34	B
70.52	C
70.59	A
70.67	C
70.87	B
70.94	E
71.15	C
71.22	B
71.50	X
71.67	B
72.36	C
72.43	A
72.60	E
72.64	A
72.72	C
72.91	A
73.00	C
73.07	B
73.42	C
73.56	B
73.84	C
73.91	G
73.98	F
74.12	B
74.75	A
74.83	C
74.89	E
74.95	C
75.26	B
75.31	D
75.37	A
75.39	B
75.47	A
75.55	B
76.19	C
76.47	B
76.68	X
76.85	B
77.15	C
77.22	B
77.36	C
77.43	B
77.64	D
77.71	A
77.79	C
77.89	B
78.17	A
78.25	F
78.49	B
78.84	G
78.91	B
79.26	C
79.33	D
79.52	C
79.57	B
79.82	X
80.11	B
80.22	C
80.29	D
80.36	A
80.43	B
80.49	C
80.62	B
80.83	E
80.90	C
81.04	B
81.11	X
81.25	B
81.86	C
81.93	F
82.00	A
82.08	B
82.43	C
82.57	B
82.78	G
82.85	B
83.13	G
83.20	E
83.34	B
83.48	E
83.55	A
83.63	C
83.70	B
83.84	C
84.12	B
84.75	C
84.96	E
85.10	C
85.40	B
85.46	F
85.52	A
85.61	C
85.78	B
85.92	C
86.13	B
86.27	D
86.34	G
86.48	C
86.62	B
86.83	X
86.96	B
87.42	E
87.49	A
87.57	B
88.06	C
88.34	E
88.48	A
88.56	D
88.76	B
88.83	A
88.90	B
89.13	A
89.25	C
89.30	A
89.38	B
89.46	C
89.53	B
90.02	C
90.09	E
90.16	B
90.23	X
90.47	B
90.52	C
90.57	B
90.71	F
90.85	A
91.04	F
91.11	G
91.18	B
91.46	D
91.65	C
91.70	B
92.02	C
92.09	B
92.51	C
92.65	B
93.00	X
93.25	B
93.44	C
93.51	A
93.59	C
93.79	B
93.93	F
94.28	A
94.41	F
94.75	B
94.82	X
95.10	B
95.16	F
95.21	D
95.49	B
95.63	C
95.77	B
95.91	A
95.95	B
96.03	A
96.11	C
96.29	G
96.36	D
96.43	B
96.57	G
96.64	B
96.85	C
97.13	G
97.34	B
97.60	F
97.73	B
97.87	C
98.12	E
98.19	F
98.57	B
98.85	C
98.99	E
99.06	B
99.27	X
99.53	B
99.78	C
99.85	B
100.13	C
100.20	B
100.90	X
101.17	B
101.24	F
101.31	A
101.39	C
101.64	A
101.71	E
101.92	B
101.99	F
102.41	B
102.62	A
102.71	G
102.81	B
102.88	X
103.00	X
